replicate,slope,intercept,r2,efficiency,efficiency_pct
1,-3.3214285714285685,28.285833507245712,0.9973477859778598,2.000208501442908,100.02085014429079
2,-3.21428571428571,27.972465606090317,0.9985207100591716,2.046968271807523,104.69682718075228
3,-2.999999999999999,26.77430123235097,1.0,2.1544346900318843,115.44346900318843
all,-3.178571428571424,27.677533448562325,0.9949893925859759,2.0635107778764237,106.35107778764237
