replicate,slope,intercept,r2,efficiency,efficiency_pct
1,-3.3214285714285703,28.28583350724572,0.9973477859778598,2.000208501442907,100.02085014429069
2,-3.2142857142857135,27.972465606090328,0.9985207100591716,2.0469682718075215,104.69682718075215
3,-2.9999999999999987,26.774301232350975,1.0,2.1544346900318843,115.44346900318843
all,-3.178571428571425,27.67753344856233,0.9949893925859759,2.0635107778764232,106.35107778764232
